seed,robots,tasks,protocol_cost,oracle_cost,optimality_gap_percent,assignment_success_rate,oracle_assignment_mismatch,nonunanimous_task_count,multiple_winner_failures,duplicate_execution_failures,duplicate_vote_counted_failures,stale_vote_accepted_failures,deterministic_replay_failures
0,10,5,36.37235781915252,36.37235781915252,0.0,1.0,0,0,0,0,0,0,0
1,10,5,109.49763909690645,109.49763909690645,0.0,1.0,0,0,0,0,0,0,0
2,10,5,91.56401100651512,91.56401100651512,0.0,1.0,0,0,0,0,0,0,0
3,10,5,60.69794616085291,60.69794616085291,0.0,1.0,0,0,0,0,0,0,0
4,10,5,99.78513539511336,99.78513539511336,0.0,1.0,0,0,0,0,0,0,0
5,10,5,124.53231677875806,124.53231677875806,0.0,1.0,0,0,0,0,0,0,0
6,10,5,83.38780860339214,83.38780860339214,0.0,1.0,0,0,0,0,0,0,0
7,10,5,96.64982017141779,96.64982017141779,0.0,1.0,0,0,0,0,0,0,0
8,10,5,84.66703068944541,84.66703068944541,0.0,1.0,0,0,0,0,0,0,0
9,10,5,89.89416865743938,89.89416865743938,0.0,1.0,0,0,0,0,0,0,0
10,10,5,115.49066779065714,115.49066779065714,0.0,1.0,0,0,0,0,0,0,0
11,10,5,123.08409614330323,123.08409614330323,0.0,1.0,0,0,0,0,0,0,0
12,10,5,152.91258674508606,152.91258674508606,0.0,1.0,0,0,0,0,0,0,0
13,10,5,130.69046915191475,130.69046915191475,0.0,1.0,0,0,0,0,0,0,0
14,10,5,55.802572984682705,55.802572984682705,0.0,1.0,0,0,0,0,0,0,0
15,10,5,96.78061271481702,96.78061271481702,0.0,1.0,0,0,0,0,0,0,0
16,10,5,63.9066712038704,63.9066712038704,0.0,1.0,0,0,0,0,0,0,0
17,10,5,61.6574593870775,61.6574593870775,0.0,1.0,0,0,0,0,0,0,0
18,10,5,124.22216924881208,124.22216924881208,0.0,1.0,0,0,0,0,0,0,0
19,10,5,137.95859898917007,137.95859898917007,0.0,1.0,0,0,0,0,0,0,0
20,10,5,112.83171646193814,112.83171646193814,0.0,1.0,0,0,0,0,0,0,0
21,10,5,54.97749626248921,54.97749626248921,0.0,1.0,0,0,0,0,0,0,0
22,10,5,98.80483880424198,98.80483880424198,0.0,1.0,0,0,0,0,0,0,0
23,10,5,105.14362294718713,105.14362294718713,0.0,1.0,0,0,0,0,0,0,0
24,10,5,88.85733636632237,88.85733636632237,0.0,1.0,0,0,0,0,0,0,0
25,10,5,83.4189645454077,83.4189645454077,0.0,1.0,0,0,0,0,0,0,0
26,10,5,113.12823135099408,113.12823135099408,0.0,1.0,0,0,0,0,0,0,0
27,10,5,105.15033225523084,105.15033225523084,0.0,1.0,0,0,0,0,0,0,0
28,10,5,120.8627110815379,120.8627110815379,0.0,1.0,0,0,0,0,0,0,0
29,10,5,101.9844436963855,101.9844436963855,0.0,1.0,0,0,0,0,0,0,0
30,10,5,89.86437017481279,89.86437017481279,0.0,1.0,0,0,0,0,0,0,0
31,10,5,102.34502388672594,102.34502388672594,0.0,1.0,0,0,0,0,0,0,0
32,10,5,134.10305198439758,134.10305198439758,0.0,1.0,0,0,0,0,0,0,0
33,10,5,106.54379582697891,106.54379582697891,0.0,1.0,0,0,0,0,0,0,0
34,10,5,56.37879219946104,56.37879219946104,0.0,1.0,0,0,0,0,0,0,0
35,10,5,188.64164692965963,188.64164692965963,0.0,1.0,0,0,0,0,0,0,0
36,10,5,77.71646498152575,77.71646498152575,0.0,1.0,0,0,0,0,0,0,0
37,10,5,116.72468729266038,116.72468729266038,0.0,1.0,0,0,0,0,0,0,0
38,10,5,108.92589962710096,108.92589962710096,0.0,1.0,0,0,0,0,0,0,0
39,10,5,74.52185167934897,74.52185167934897,0.0,1.0,0,0,0,0,0,0,0
40,10,5,79.77513633858362,79.77513633858362,0.0,1.0,0,0,0,0,0,0,0
41,10,5,139.34094521863403,139.34094521863403,0.0,1.0,0,0,0,0,0,0,0
42,10,5,75.24768111900713,75.24768111900713,0.0,1.0,0,0,0,0,0,0,0
43,10,5,75.755327195695,75.755327195695,0.0,1.0,0,0,0,0,0,0,0
44,10,5,123.12061865470864,123.12061865470864,0.0,1.0,0,0,0,0,0,0,0
45,10,5,99.86859837727309,99.86859837727309,0.0,1.0,0,0,0,0,0,0,0
46,10,5,128.2836810382524,128.2836810382524,0.0,1.0,0,0,0,0,0,0,0
47,10,5,114.75406584395205,114.75406584395205,0.0,1.0,0,0,0,0,0,0,0
48,10,5,74.77277537613355,74.77277537613355,0.0,1.0,0,0,0,0,0,0,0
49,10,5,115.72449633469824,115.72449633469824,0.0,1.0,0,0,0,0,0,0,0
50,10,5,118.9763473797429,118.9763473797429,0.0,1.0,0,0,0,0,0,0,0
51,10,5,71.11205798158909,71.11205798158909,0.0,1.0,0,0,0,0,0,0,0
52,10,5,193.13395202555418,193.13395202555418,0.0,1.0,0,0,0,0,0,0,0
53,10,5,66.6147400840137,66.6147400840137,0.0,1.0,0,0,0,0,0,0,0
54,10,5,139.82189782844014,139.82189782844014,0.0,1.0,0,0,0,0,0,0,0
55,10,5,89.62234718392313,89.62234718392313,0.0,1.0,0,0,0,0,0,0,0
56,10,5,94.23282280570845,94.23282280570845,0.0,1.0,0,0,0,0,0,0,0
57,10,5,51.80945894053181,51.80945894053181,0.0,1.0,0,0,0,0,0,0,0
58,10,5,92.81997670906537,92.81997670906537,0.0,1.0,0,0,0,0,0,0,0
59,10,5,103.81067203967235,103.81067203967235,0.0,1.0,0,0,0,0,0,0,0
60,10,5,75.66106171524956,75.66106171524956,0.0,1.0,0,0,0,0,0,0,0
61,10,5,109.53576238147585,109.53576238147585,0.0,1.0,0,0,0,0,0,0,0
62,10,5,50.37740416564417,50.37740416564417,0.0,1.0,0,0,0,0,0,0,0
63,10,5,81.38304478047111,81.38304478047111,0.0,1.0,0,0,0,0,0,0,0
64,10,5,78.96115030766286,78.96115030766286,0.0,1.0,0,0,0,0,0,0,0
65,10,5,99.89631089246683,99.89631089246683,0.0,1.0,0,0,0,0,0,0,0
66,10,5,104.09173264348179,104.09173264348179,0.0,1.0,0,0,0,0,0,0,0
67,10,5,120.36988222682193,120.36988222682193,0.0,1.0,0,0,0,0,0,0,0
68,10,5,76.04494330921891,76.04494330921891,0.0,1.0,0,0,0,0,0,0,0
69,10,5,64.19105456958124,64.19105456958124,0.0,1.0,0,0,0,0,0,0,0
70,10,5,148.85911313448855,148.85911313448855,0.0,1.0,0,0,0,0,0,0,0
71,10,5,92.9256034872042,92.9256034872042,0.0,1.0,0,0,0,0,0,0,0
72,10,5,123.81480310701295,123.81480310701295,0.0,1.0,0,0,0,0,0,0,0
73,10,5,121.67652082482118,121.67652082482118,0.0,1.0,0,0,0,0,0,0,0
74,10,5,148.85123159506838,148.85123159506838,0.0,1.0,0,0,0,0,0,0,0
75,10,5,104.76990624492004,104.76990624492004,0.0,1.0,0,0,0,0,0,0,0
76,10,5,60.165918792584286,60.165918792584286,0.0,1.0,0,0,0,0,0,0,0
77,10,5,86.23666157627098,86.23666157627098,0.0,1.0,0,0,0,0,0,0,0
78,10,5,61.027356686326975,61.027356686326975,0.0,1.0,0,0,0,0,0,0,0
79,10,5,85.19122939811842,85.19122939811842,0.0,1.0,0,0,0,0,0,0,0
80,10,5,127.23985143849603,127.23985143849603,0.0,1.0,0,0,0,0,0,0,0
81,10,5,75.6304731744192,75.6304731744192,0.0,1.0,0,0,0,0,0,0,0
82,10,5,65.43161967134988,65.43161967134988,0.0,1.0,0,0,0,0,0,0,0
83,10,5,80.68783507107769,80.68783507107769,0.0,1.0,0,0,0,0,0,0,0
84,10,5,78.98212317838917,78.98212317838917,0.0,1.0,0,0,0,0,0,0,0
85,10,5,85.23466386331803,85.23466386331803,0.0,1.0,0,0,0,0,0,0,0
86,10,5,124.43195990190048,124.43195990190048,0.0,1.0,0,0,0,0,0,0,0
87,10,5,92.86196289738875,92.86196289738875,0.0,1.0,0,0,0,0,0,0,0
88,10,5,112.09721054979144,112.09721054979144,0.0,1.0,0,0,0,0,0,0,0
89,10,5,78.04237599329807,78.04237599329807,0.0,1.0,0,0,0,0,0,0,0
90,10,5,36.273490922906156,36.273490922906156,0.0,1.0,0,0,0,0,0,0,0
91,10,5,52.02131909354852,52.02131909354852,0.0,1.0,0,0,0,0,0,0,0
92,10,5,133.78820665717126,133.78820665717126,0.0,1.0,0,0,0,0,0,0,0
93,10,5,193.39531750415253,193.39531750415253,0.0,1.0,0,0,0,0,0,0,0
94,10,5,94.97956110876247,94.97956110876247,0.0,1.0,0,0,0,0,0,0,0
95,10,5,102.57350754258832,102.57350754258832,0.0,1.0,0,0,0,0,0,0,0
96,10,5,62.320934338756835,62.320934338756835,0.0,1.0,0,0,0,0,0,0,0
97,10,5,83.76895611473917,83.76895611473917,0.0,1.0,0,0,0,0,0,0,0
98,10,5,80.05453870248218,80.05453870248218,0.0,1.0,0,0,0,0,0,0,0
99,10,5,82.21664569489613,82.21664569489613,0.0,1.0,0,0,0,0,0,0,0
0,25,10,113.63092849701036,113.63092849701036,0.0,1.0,0,0,0,0,0,0,0
1,25,10,93.81471655573523,93.81471655573523,0.0,1.0,0,0,0,0,0,0,0
2,25,10,134.77560628348226,134.77560628348226,0.0,1.0,0,0,0,0,0,0,0
3,25,10,113.51591425116659,113.51591425116659,0.0,1.0,0,0,0,0,0,0,0
4,25,10,126.96973049232749,126.96973049232749,0.0,1.0,0,0,0,0,0,0,0
5,25,10,120.0443943247837,120.0443943247837,0.0,1.0,0,0,0,0,0,0,0
6,25,10,123.08377517315337,123.08377517315337,0.0,1.0,0,0,0,0,0,0,0
7,25,10,117.72425072765895,117.72425072765895,0.0,1.0,0,0,0,0,0,0,0
8,25,10,121.39029987404462,121.39029987404462,0.0,1.0,0,0,0,0,0,0,0
9,25,10,97.55533878731995,97.55533878731995,0.0,1.0,0,0,0,0,0,0,0
10,25,10,80.88066467929141,80.88066467929141,0.0,1.0,0,0,0,0,0,0,0
11,25,10,112.2478085974282,112.2478085974282,0.0,1.0,0,0,0,0,0,0,0
12,25,10,101.55184141172482,101.55184141172482,0.0,1.0,0,0,0,0,0,0,0
13,25,10,96.19612936048281,96.19612936048281,0.0,1.0,0,0,0,0,0,0,0
14,25,10,129.47413355777195,129.47413355777195,0.0,1.0,0,0,0,0,0,0,0
15,25,10,121.88415784545113,121.88415784545113,0.0,1.0,0,0,0,0,0,0,0
16,25,10,95.46141062821756,95.46141062821756,0.0,1.0,0,0,0,0,0,0,0
17,25,10,123.33662698946435,123.33662698946435,0.0,1.0,0,0,0,0,0,0,0
18,25,10,125.8173846559634,125.8173846559634,0.0,1.0,0,0,0,0,0,0,0
19,25,10,90.84794665099602,90.84794665099602,0.0,1.0,0,0,0,0,0,0,0
20,25,10,118.21052406612958,118.21052406612958,0.0,1.0,0,0,0,0,0,0,0
21,25,10,104.52771424127201,104.52771424127201,0.0,1.0,0,0,0,0,0,0,0
22,25,10,112.95939372760313,112.95939372760313,0.0,1.0,0,0,0,0,0,0,0
23,25,10,163.25461869513953,163.25461869513953,0.0,1.0,0,0,0,0,0,0,0
24,25,10,96.89220597431591,96.89220597431591,0.0,1.0,0,0,0,0,0,0,0
25,25,10,105.90161963236682,105.90161963236682,0.0,1.0,0,0,0,0,0,0,0
26,25,10,114.80208619304976,114.80208619304976,0.0,1.0,0,0,0,0,0,0,0
27,25,10,108.8803309488478,108.8803309488478,0.0,1.0,0,0,0,0,0,0,0
28,25,10,114.01012727671703,114.01012727671703,0.0,1.0,0,0,0,0,0,0,0
29,25,10,192.03983262839623,192.03983262839623,0.0,1.0,0,0,0,0,0,0,0
30,25,10,104.24748974882334,104.24748974882334,0.0,1.0,0,0,0,0,0,0,0
31,25,10,94.10350610421325,94.10350610421325,0.0,1.0,0,0,0,0,0,0,0
32,25,10,122.39280282119952,122.39280282119952,0.0,1.0,0,0,0,0,0,0,0
33,25,10,111.36595169109366,111.36595169109366,0.0,1.0,0,0,0,0,0,0,0
34,25,10,142.83662171375943,142.83662171375943,0.0,1.0,0,0,0,0,0,0,0
35,25,10,104.88380157883117,104.88380157883117,0.0,1.0,0,0,0,0,0,0,0
36,25,10,152.20892468013136,152.20892468013136,0.0,1.0,0,0,0,0,0,0,0
37,25,10,114.03577357355387,114.03577357355387,0.0,1.0,0,0,0,0,0,0,0
38,25,10,109.10479406129062,109.10479406129062,0.0,1.0,0,0,0,0,0,0,0
39,25,10,105.32704500334889,105.32704500334889,0.0,1.0,0,0,0,0,0,0,0
40,25,10,113.04624005437711,113.04624005437711,0.0,1.0,0,0,0,0,0,0,0
41,25,10,84.59485837419109,84.59485837419109,0.0,1.0,0,0,0,0,0,0,0
42,25,10,124.82413265358788,124.82413265358788,0.0,1.0,0,0,0,0,0,0,0
43,25,10,130.19915878589734,130.19915878589734,0.0,1.0,0,0,0,0,0,0,0
44,25,10,115.5611809587131,115.5611809587131,0.0,1.0,0,0,0,0,0,0,0
45,25,10,126.38467624347723,126.38467624347723,0.0,1.0,0,0,0,0,0,0,0
46,25,10,92.92205544339738,92.92205544339738,0.0,1.0,0,0,0,0,0,0,0
47,25,10,145.06345699219787,145.06345699219787,0.0,1.0,0,0,0,0,0,0,0
48,25,10,132.23579249919302,132.23579249919302,0.0,1.0,0,0,0,0,0,0,0
49,25,10,108.03961151026964,108.03961151026964,0.0,1.0,0,0,0,0,0,0,0
50,25,10,143.89180957530712,143.89180957530712,0.0,1.0,0,0,0,0,0,0,0
51,25,10,111.0976872300668,111.0976872300668,0.0,1.0,0,0,0,0,0,0,0
52,25,10,195.69428114855094,195.69428114855094,0.0,1.0,0,0,0,0,0,0,0
53,25,10,103.87803067085646,103.87803067085646,0.0,1.0,0,0,0,0,0,0,0
54,25,10,100.81925798608755,100.81925798608755,0.0,1.0,0,0,0,0,0,0,0
55,25,10,99.12965124035196,99.12965124035196,0.0,1.0,0,0,0,0,0,0,0
56,25,10,109.8346598158629,109.8346598158629,0.0,1.0,0,0,0,0,0,0,0
57,25,10,119.04323116023123,119.04323116023123,0.0,1.0,0,0,0,0,0,0,0
58,25,10,123.45875178484008,123.45875178484008,0.0,1.0,0,0,0,0,0,0,0
59,25,10,136.67439799775167,136.67439799775167,0.0,1.0,0,0,0,0,0,0,0
60,25,10,96.59780333968408,96.59780333968408,0.0,1.0,0,0,0,0,0,0,0
61,25,10,140.68674913621527,140.68674913621527,0.0,1.0,0,0,0,0,0,0,0
62,25,10,182.15603829218935,182.15603829218935,0.0,1.0,0,0,0,0,0,0,0
63,25,10,103.85595093899303,103.85595093899303,0.0,1.0,0,0,0,0,0,0,0
64,25,10,94.23829000607385,94.23829000607385,0.0,1.0,0,0,0,0,0,0,0
65,25,10,135.25408848306566,135.25408848306566,0.0,1.0,0,0,0,0,0,0,0
66,25,10,90.5234738224512,90.5234738224512,0.0,1.0,0,0,0,0,0,0,0
67,25,10,175.50151572646033,175.50151572646033,0.0,1.0,0,0,0,0,0,0,0
68,25,10,111.5254931428909,111.5254931428909,0.0,1.0,0,0,0,0,0,0,0
69,25,10,155.34580917902437,155.34580917902437,0.0,1.0,0,0,0,0,0,0,0
70,25,10,108.25368549782867,108.25368549782867,0.0,1.0,0,0,0,0,0,0,0
71,25,10,104.95011356337267,104.95011356337267,0.0,1.0,0,0,0,0,0,0,0
72,25,10,92.55976295439245,92.55976295439245,0.0,1.0,0,0,0,0,0,0,0
73,25,10,96.33750233913013,96.33750233913013,0.0,1.0,0,0,0,0,0,0,0
74,25,10,137.91461675750026,137.91461675750026,0.0,1.0,0,0,0,0,0,0,0
75,25,10,113.61305484946529,113.61305484946529,0.0,1.0,0,0,0,0,0,0,0
76,25,10,115.74817429094905,115.74817429094905,0.0,1.0,0,0,0,0,0,0,0
77,25,10,75.2434584985071,75.2434584985071,0.0,1.0,0,0,0,0,0,0,0
78,25,10,132.64143403985463,132.64143403985463,0.0,1.0,0,0,0,0,0,0,0
79,25,10,117.05402775357355,117.05402775357355,0.0,1.0,0,0,0,0,0,0,0
80,25,10,118.20533936724242,118.20533936724242,0.0,1.0,0,0,0,0,0,0,0
81,25,10,140.0486468765445,140.0486468765445,0.0,1.0,0,0,0,0,0,0,0
82,25,10,118.66256881404082,118.66256881404082,0.0,1.0,0,0,0,0,0,0,0
83,25,10,113.23994313370198,113.23994313370198,0.0,1.0,0,0,0,0,0,0,0
84,25,10,149.1803549102791,149.1803549102791,0.0,1.0,0,0,0,0,0,0,0
85,25,10,103.85025164719623,103.85025164719623,0.0,1.0,0,0,0,0,0,0,0
86,25,10,84.64184273678131,84.64184273678131,0.0,1.0,0,0,0,0,0,0,0
87,25,10,122.60388748597482,122.60388748597482,0.0,1.0,0,0,0,0,0,0,0
88,25,10,111.10473524919915,111.10473524919915,0.0,1.0,0,0,0,0,0,0,0
89,25,10,127.29318013398405,127.29318013398405,0.0,1.0,0,0,0,0,0,0,0
90,25,10,161.33368705680073,161.33368705680073,0.0,1.0,0,0,0,0,0,0,0
91,25,10,109.61770698127211,109.61770698127211,0.0,1.0,0,0,0,0,0,0,0
92,25,10,137.38673137349303,137.38673137349303,0.0,1.0,0,0,0,0,0,0,0
93,25,10,121.35718927155894,121.35718927155894,0.0,1.0,0,0,0,0,0,0,0
94,25,10,95.51777999833766,95.51777999833766,0.0,1.0,0,0,0,0,0,0,0
95,25,10,100.91640121145169,100.91640121145169,0.0,1.0,0,0,0,0,0,0,0
96,25,10,112.69242601192667,112.69242601192667,0.0,1.0,0,0,0,0,0,0,0
97,25,10,135.06766564299184,135.06766564299184,0.0,1.0,0,0,0,0,0,0,0
98,25,10,118.22196344389253,118.22196344389253,0.0,1.0,0,0,0,0,0,0,0
99,25,10,153.04611726845818,153.04611726845818,0.0,1.0,0,0,0,0,0,0,0
0,50,30,390.2694075918319,390.2694075918319,0.0,1.0,0,0,0,0,0,0,0
1,50,30,273.46479039403783,273.46479039403783,0.0,1.0,0,0,0,0,0,0,0
2,50,30,449.66954361620077,449.66954361620077,0.0,1.0,0,0,0,0,0,0,0
3,50,30,295.96686980263564,295.96686980263564,0.0,1.0,0,0,0,0,0,0,0
4,50,30,330.9266372578828,330.9266372578828,0.0,1.0,0,0,0,0,0,0,0
5,50,30,255.0074909170418,255.0074909170418,0.0,1.0,0,0,0,0,0,0,0
6,50,30,228.8662356052763,228.8662356052763,0.0,1.0,0,0,0,0,0,0,0
7,50,30,310.23603176111243,310.23603176111243,0.0,1.0,0,0,0,0,0,0,0
8,50,30,366.1486058965999,366.1486058965999,0.0,1.0,0,0,0,0,0,0,0
9,50,30,315.3132052038703,315.3132052038703,0.0,1.0,0,0,0,0,0,0,0
10,50,30,300.02456058811464,300.02456058811464,0.0,1.0,0,0,0,0,0,0,0
11,50,30,315.04513099084545,315.04513099084545,0.0,1.0,0,0,0,0,0,0,0
12,50,30,268.92469927437133,268.92469927437133,0.0,1.0,0,0,0,0,0,0,0
13,50,30,281.16047310009264,281.16047310009264,0.0,1.0,0,0,0,0,0,0,0
14,50,30,247.0813727683635,247.0813727683635,0.0,1.0,0,0,0,0,0,0,0
15,50,30,284.1408456434634,284.1408456434634,0.0,1.0,0,0,0,0,0,0,0
16,50,30,252.24570791467013,252.24570791467013,0.0,1.0,0,0,0,0,0,0,0
17,50,30,367.58661799791946,367.58661799791946,0.0,1.0,0,0,0,0,0,0,0
18,50,30,274.7832856323455,274.7832856323455,0.0,1.0,0,0,0,0,0,0,0
19,50,30,262.6828201919354,262.6828201919354,0.0,1.0,0,0,0,0,0,0,0
20,50,30,296.0787046185618,296.0787046185618,0.0,1.0,0,0,0,0,0,0,0
21,50,30,261.7077578751051,261.7077578751051,0.0,1.0,0,0,0,0,0,0,0
22,50,30,344.55885811904847,344.55885811904847,0.0,1.0,0,0,0,0,0,0,0
23,50,30,299.15986840182046,299.15986840182046,0.0,1.0,0,0,0,0,0,0,0
24,50,30,247.88308705293213,247.88308705293213,0.0,1.0,0,0,0,0,0,0,0
25,50,30,287.07649379952903,287.07649379952903,0.0,1.0,0,0,0,0,0,0,0
26,50,30,251.8552913803556,251.8552913803556,0.0,1.0,0,0,0,0,0,0,0
27,50,30,281.7193932282611,281.7193932282611,0.0,1.0,0,0,0,0,0,0,0
28,50,30,240.62884089602358,240.62884089602358,0.0,1.0,0,0,0,0,0,0,0
29,50,30,256.1014045064237,256.1014045064237,0.0,1.0,0,0,0,0,0,0,0
30,50,30,313.2470591624953,313.2470591624953,0.0,1.0,0,0,0,0,0,0,0
31,50,30,239.75189281743422,239.75189281743422,0.0,1.0,0,0,0,0,0,0,0
32,50,30,246.33226529936871,246.33226529936871,0.0,1.0,0,0,0,0,0,0,0
33,50,30,259.9682023051758,259.9682023051758,0.0,1.0,0,0,0,0,0,0,0
34,50,30,219.87529462665609,219.87529462665609,0.0,1.0,0,0,0,0,0,0,0
35,50,30,277.26948493707175,277.26948493707175,0.0,1.0,0,0,0,0,0,0,0
36,50,30,306.38655653756865,306.38655653756865,0.0,1.0,0,0,0,0,0,0,0
37,50,30,364.9937414439714,364.9937414439714,0.0,1.0,0,0,0,0,0,0,0
38,50,30,262.9062453011298,262.9062453011298,0.0,1.0,0,0,0,0,0,0,0
39,50,30,258.91267695503467,258.91267695503467,0.0,1.0,0,0,0,0,0,0,0
40,50,30,247.64479054778613,247.64479054778613,0.0,1.0,0,0,0,0,0,0,0
41,50,30,243.9064943061445,243.9064943061445,0.0,1.0,0,0,0,0,0,0,0
42,50,30,285.0518695555324,285.0518695555324,0.0,1.0,0,0,0,0,0,0,0
43,50,30,369.4876358937233,369.4876358937233,0.0,1.0,0,0,0,0,0,0,0
44,50,30,243.99905258835233,243.99905258835233,0.0,1.0,0,0,0,0,0,0,0
45,50,30,259.98143982720075,259.98143982720075,0.0,1.0,0,0,0,0,0,0,0
46,50,30,262.55927176317863,262.55927176317863,0.0,1.0,0,0,0,0,0,0,0
47,50,30,271.1357114917469,271.1357114917469,0.0,1.0,0,0,0,0,0,0,0
48,50,30,289.11216378762356,289.11216378762356,0.0,1.0,0,0,0,0,0,0,0
49,50,30,267.70593804921106,267.70593804921106,0.0,1.0,0,0,0,0,0,0,0
50,50,30,273.11447044331067,273.11447044331067,0.0,1.0,0,0,0,0,0,0,0
51,50,30,235.2808294203884,235.2808294203884,0.0,1.0,0,0,0,0,0,0,0
52,50,30,214.05786975073946,214.05786975073946,0.0,1.0,0,0,0,0,0,0,0
53,50,30,268.60714722982243,268.60714722982243,0.0,1.0,0,0,0,0,0,0,0
54,50,30,289.4478975515657,289.4478975515657,0.0,1.0,0,0,0,0,0,0,0
55,50,30,231.90098288851,231.90098288851,0.0,1.0,0,0,0,0,0,0,0
56,50,30,304.6004168183846,304.6004168183846,0.0,1.0,0,0,0,0,0,0,0
57,50,30,272.5041121127731,272.5041121127731,0.0,1.0,0,0,0,0,0,0,0
58,50,30,263.48480172094924,263.48480172094924,0.0,1.0,0,0,0,0,0,0,0
59,50,30,257.98138803163647,257.98138803163647,0.0,1.0,0,0,0,0,0,0,0
60,50,30,272.9483072194757,272.9483072194757,0.0,1.0,0,0,0,0,0,0,0
61,50,30,333.2027258895409,333.2027258895409,0.0,1.0,0,0,0,0,0,0,0
62,50,30,289.27748063637034,289.27748063637034,0.0,1.0,0,0,0,0,0,0,0
63,50,30,264.2383210877571,264.2383210877571,0.0,1.0,0,0,0,0,0,0,0
64,50,30,247.6986663104159,247.6986663104159,0.0,1.0,0,0,0,0,0,0,0
65,50,30,265.91345274469876,265.91345274469876,0.0,1.0,0,0,0,0,0,0,0
66,50,30,243.93620624530897,243.93620624530897,0.0,1.0,0,0,0,0,0,0,0
67,50,30,241.45682174736916,241.45682174736916,0.0,1.0,0,0,0,0,0,0,0
68,50,30,241.26789556343925,241.26789556343925,0.0,1.0,0,0,0,0,0,0,0
69,50,30,231.43215939559593,231.43215939559593,0.0,1.0,0,0,0,0,0,0,0
70,50,30,308.719853650458,308.719853650458,0.0,1.0,0,0,0,0,0,0,0
71,50,30,336.35086924848474,336.35086924848474,0.0,1.0,0,0,0,0,0,0,0
72,50,30,302.12757096187744,302.12757096187744,0.0,1.0,0,0,0,0,0,0,0
73,50,30,241.45827569864045,241.45827569864045,0.0,1.0,0,0,0,0,0,0,0
74,50,30,238.8965188534278,238.8965188534278,0.0,1.0,0,0,0,0,0,0,0
75,50,30,250.121503486003,250.121503486003,0.0,1.0,0,0,0,0,0,0,0
76,50,30,262.11186280671893,262.11186280671893,0.0,1.0,0,0,0,0,0,0,0
77,50,30,295.2984282889768,295.2984282889768,0.0,1.0,0,0,0,0,0,0,0
78,50,30,344.3910581431496,344.3910581431496,0.0,1.0,0,0,0,0,0,0,0
79,50,30,332.4207831565626,332.4207831565626,0.0,1.0,0,0,0,0,0,0,0
80,50,30,252.54769678642873,252.54769678642873,0.0,1.0,0,0,0,0,0,0,0
81,50,30,279.6897971859609,279.6897971859609,0.0,1.0,0,0,0,0,0,0,0
82,50,30,214.99556005156154,214.99556005156154,0.0,1.0,0,0,0,0,0,0,0
83,50,30,311.45978928845824,311.45978928845824,0.0,1.0,0,0,0,0,0,0,0
84,50,30,250.06570147186312,250.06570147186312,0.0,1.0,0,0,0,0,0,0,0
85,50,30,288.3346845273857,288.3346845273857,0.0,1.0,0,0,0,0,0,0,0
86,50,30,315.60183949118715,315.60183949118715,0.0,1.0,0,0,0,0,0,0,0
87,50,30,311.6773039956179,311.6773039956179,0.0,1.0,0,0,0,0,0,0,0
88,50,30,239.9566874625993,239.9566874625993,0.0,1.0,0,0,0,0,0,0,0
89,50,30,244.58332387710084,244.58332387710084,0.0,1.0,0,0,0,0,0,0,0
90,50,30,309.40959629116446,309.40959629116446,0.0,1.0,0,0,0,0,0,0,0
91,50,30,263.8300699534719,263.8300699534719,0.0,1.0,0,0,0,0,0,0,0
92,50,30,276.7613310636487,276.7613310636487,0.0,1.0,0,0,0,0,0,0,0
93,50,30,311.75217881140725,311.75217881140725,0.0,1.0,0,0,0,0,0,0,0
94,50,30,297.07216409350684,297.07216409350684,0.0,1.0,0,0,0,0,0,0,0
95,50,30,245.0725784858993,245.0725784858993,0.0,1.0,0,0,0,0,0,0,0
96,50,30,271.8996903286464,271.8996903286464,0.0,1.0,0,0,0,0,0,0,0
97,50,30,299.7900665708617,299.7900665708617,0.0,1.0,0,0,0,0,0,0,0
98,50,30,296.90260926692366,296.90260926692366,0.0,1.0,0,0,0,0,0,0,0
99,50,30,244.45971326170158,244.45971326170158,0.0,1.0,0,0,0,0,0,0,0
0,100,50,266.533699224324,266.533699224324,0.0,1.0,0,0,0,0,0,0,0
1,100,50,251.71322478362876,251.71322478362876,0.0,1.0,0,0,0,0,0,0,0
2,100,50,260.9304539859115,260.9304539859115,0.0,1.0,0,0,0,0,0,0,0
3,100,50,321.9279391618994,321.9279391618994,0.0,1.0,0,0,0,0,0,0,0
4,100,50,306.4128746213703,306.4128746213703,0.0,1.0,0,0,0,0,0,0,0
5,100,50,322.9296984030109,322.9296984030109,0.0,1.0,0,0,0,0,0,0,0
6,100,50,283.95102073973925,283.95102073973925,0.0,1.0,0,0,0,0,0,0,0
7,100,50,282.0643032699301,282.0643032699301,0.0,1.0,0,0,0,0,0,0,0
8,100,50,334.16233637369413,334.16233637369413,0.0,1.0,0,0,0,0,0,0,0
9,100,50,371.6911219705846,371.6911219705846,0.0,1.0,0,0,0,0,0,0,0
10,100,50,310.6904271856174,310.6904271856174,0.0,1.0,0,0,0,0,0,0,0
11,100,50,284.6874716212018,284.6874716212018,0.0,1.0,0,0,0,0,0,0,0
12,100,50,381.46574865017055,381.46574865017055,0.0,1.0,0,0,0,0,0,0,0
13,100,50,339.6996791929901,339.6996791929901,0.0,1.0,0,0,0,0,0,0,0
14,100,50,286.02554679644237,286.02554679644237,0.0,1.0,0,0,0,0,0,0,0
15,100,50,295.9806955819232,295.9806955819232,0.0,1.0,0,0,0,0,0,0,0
16,100,50,372.19460566197586,372.19460566197586,0.0,1.0,0,0,0,0,0,0,0
17,100,50,307.33416531416225,307.33416531416225,0.0,1.0,0,0,0,0,0,0,0
18,100,50,284.9402465403723,284.9402465403723,0.0,1.0,0,0,0,0,0,0,0
19,100,50,359.9085501120836,359.9085501120836,0.0,1.0,0,0,0,0,0,0,0
20,100,50,327.54528001702147,327.54528001702147,0.0,1.0,0,0,0,0,0,0,0
21,100,50,265.57355390087844,265.57355390087844,0.0,1.0,0,0,0,0,0,0,0
22,100,50,298.89790441542334,298.89790441542334,0.0,1.0,0,0,0,0,0,0,0
23,100,50,292.17132653558804,292.17132653558804,0.0,1.0,0,0,0,0,0,0,0
24,100,50,264.6715050793564,264.6715050793564,0.0,1.0,0,0,0,0,0,0,0
25,100,50,287.7870014720339,287.7870014720339,0.0,1.0,0,0,0,0,0,0,0
26,100,50,312.8756056615283,312.8756056615283,0.0,1.0,0,0,0,0,0,0,0
27,100,50,308.14381628941965,308.14381628941965,0.0,1.0,0,0,0,0,0,0,0
28,100,50,329.25974151745993,329.25974151745993,0.0,1.0,0,0,0,0,0,0,0
29,100,50,282.10312042223217,282.10312042223217,0.0,1.0,0,0,0,0,0,0,0
30,100,50,247.98066659564472,247.98066659564472,0.0,1.0,0,0,0,0,0,0,0
31,100,50,318.8826388410027,318.8826388410027,0.0,1.0,0,0,0,0,0,0,0
32,100,50,296.0536840751231,296.0536840751231,0.0,1.0,0,0,0,0,0,0,0
33,100,50,316.43185336892265,316.43185336892265,0.0,1.0,0,0,0,0,0,0,0
34,100,50,359.8162985131884,359.8162985131884,0.0,1.0,0,0,0,0,0,0,0
35,100,50,296.5617880445415,296.5617880445415,0.0,1.0,0,0,0,0,0,0,0
36,100,50,315.46566715827066,315.46566715827066,0.0,1.0,0,0,0,0,0,0,0
37,100,50,272.9945447474209,272.9945447474209,0.0,1.0,0,0,0,0,0,0,0
38,100,50,387.460985470115,387.460985470115,0.0,1.0,0,0,0,0,0,0,0
39,100,50,320.37074092997426,320.37074092997426,0.0,1.0,0,0,0,0,0,0,0
40,100,50,288.5383373119451,288.5383373119451,0.0,1.0,0,0,0,0,0,0,0
41,100,50,320.6705594168304,320.6705594168304,0.0,1.0,0,0,0,0,0,0,0
42,100,50,287.6437159172185,287.6437159172185,0.0,1.0,0,0,0,0,0,0,0
43,100,50,237.9893162166572,237.9893162166572,0.0,1.0,0,0,0,0,0,0,0
44,100,50,310.96615300314915,310.96615300314915,0.0,1.0,0,0,0,0,0,0,0
45,100,50,282.07572097271037,282.07572097271037,0.0,1.0,0,0,0,0,0,0,0
46,100,50,321.9454445296966,321.9454445296966,0.0,1.0,0,0,0,0,0,0,0
47,100,50,307.69774475227587,307.69774475227587,0.0,1.0,0,0,0,0,0,0,0
48,100,50,266.57081236325445,266.57081236325445,0.0,1.0,0,0,0,0,0,0,0
49,100,50,326.6912320025069,326.6912320025069,0.0,1.0,0,0,0,0,0,0,0
50,100,50,284.05939466556947,284.05939466556947,0.0,1.0,0,0,0,0,0,0,0
51,100,50,295.8729274004323,295.8729274004323,0.0,1.0,0,0,0,0,0,0,0
52,100,50,341.4068268441868,341.4068268441868,0.0,1.0,0,0,0,0,0,0,0
53,100,50,366.12352740090876,366.12352740090876,0.0,1.0,0,0,0,0,0,0,0
54,100,50,270.0748963452751,270.0748963452751,0.0,1.0,0,0,0,0,0,0,0
55,100,50,324.03448304305005,324.03448304305005,0.0,1.0,0,0,0,0,0,0,0
56,100,50,306.6383096813026,306.6383096813026,0.0,1.0,0,0,0,0,0,0,0
57,100,50,306.04938214629664,306.04938214629664,0.0,1.0,0,0,0,0,0,0,0
58,100,50,269.4592741092073,269.4592741092073,0.0,1.0,0,0,0,0,0,0,0
59,100,50,294.87663653459,294.87663653459,0.0,1.0,0,0,0,0,0,0,0
60,100,50,283.20558695836627,283.20558695836627,0.0,1.0,0,0,0,0,0,0,0
61,100,50,324.5554706657134,324.5554706657134,0.0,1.0,0,0,0,0,0,0,0
62,100,50,284.59251668950634,284.59251668950634,0.0,1.0,0,0,0,0,0,0,0
63,100,50,262.5266120561104,262.5266120561104,0.0,1.0,0,0,0,0,0,0,0
64,100,50,278.39229706028044,278.39229706028044,0.0,1.0,0,0,0,0,0,0,0
65,100,50,315.9946369718099,315.9946369718099,0.0,1.0,0,0,0,0,0,0,0
66,100,50,293.90115234536245,293.90115234536245,0.0,1.0,0,0,0,0,0,0,0
67,100,50,296.5009239663803,296.5009239663803,0.0,1.0,0,0,0,0,0,0,0
68,100,50,297.7991757363377,297.7991757363377,0.0,1.0,0,0,0,0,0,0,0
69,100,50,282.98018620478496,282.98018620478496,0.0,1.0,0,0,0,0,0,0,0
70,100,50,355.6245156059442,355.6245156059442,0.0,1.0,0,0,0,0,0,0,0
71,100,50,310.98816480603136,310.98816480603136,0.0,1.0,0,0,0,0,0,0,0
72,100,50,280.8051929861345,280.8051929861345,0.0,1.0,0,0,0,0,0,0,0
73,100,50,344.3294631620356,344.3294631620356,0.0,1.0,0,0,0,0,0,0,0
74,100,50,282.3973439861218,282.3973439861218,0.0,1.0,0,0,0,0,0,0,0
75,100,50,311.6489282398153,311.6489282398153,0.0,1.0,0,0,0,0,0,0,0
76,100,50,307.3109517559965,307.3109517559965,0.0,1.0,0,0,0,0,0,0,0
77,100,50,371.1974142111142,371.1974142111142,0.0,1.0,0,0,0,0,0,0,0
78,100,50,279.485517647723,279.485517647723,0.0,1.0,0,0,0,0,0,0,0
79,100,50,303.8742029244588,303.8742029244588,0.0,1.0,0,0,0,0,0,0,0
80,100,50,299.81796855650725,299.81796855650725,0.0,1.0,0,0,0,0,0,0,0
81,100,50,322.90211910836837,322.90211910836837,0.0,1.0,0,0,0,0,0,0,0
82,100,50,308.3205715564206,308.3205715564206,0.0,1.0,0,0,0,0,0,0,0
83,100,50,280.97246905310004,280.97246905310004,0.0,1.0,0,0,0,0,0,0,0
84,100,50,329.0430950505383,329.0430950505383,0.0,1.0,0,0,0,0,0,0,0
85,100,50,282.3183737333938,282.3183737333938,0.0,1.0,0,0,0,0,0,0,0
86,100,50,326.2848946428827,326.2848946428827,0.0,1.0,0,0,0,0,0,0,0
87,100,50,293.8195485555247,293.8195485555247,0.0,1.0,0,0,0,0,0,0,0
88,100,50,318.0660627558087,318.0660627558087,0.0,1.0,0,0,0,0,0,0,0
89,100,50,293.8689808539585,293.8689808539585,0.0,1.0,0,0,0,0,0,0,0
90,100,50,502.706796555402,502.706796555402,0.0,1.0,0,0,0,0,0,0,0
91,100,50,240.81064147326575,240.81064147326575,0.0,1.0,0,0,0,0,0,0,0
92,100,50,252.48255856044193,252.48255856044193,0.0,1.0,0,0,0,0,0,0,0
93,100,50,321.83588642896393,321.83588642896393,0.0,1.0,0,0,0,0,0,0,0
94,100,50,289.0550368277922,289.0550368277922,0.0,1.0,0,0,0,0,0,0,0
95,100,50,308.4136732804454,308.4136732804454,0.0,1.0,0,0,0,0,0,0,0
96,100,50,330.26106138284445,330.26106138284445,0.0,1.0,0,0,0,0,0,0,0
97,100,50,286.9642614622676,286.9642614622676,0.0,1.0,0,0,0,0,0,0,0
98,100,50,342.1981486461189,342.1981486461189,0.0,1.0,0,0,0,0,0,0,0
99,100,50,312.9923075521105,312.9923075521105,0.0,1.0,0,0,0,0,0,0,0
0,100,100,745.2381335110716,745.2381335110716,0.0,1.0,0,0,0,0,0,0,0
1,100,100,933.984208728713,933.984208728713,0.0,1.0,0,0,0,0,0,0,0
2,100,100,911.8630893513066,911.8630893513066,0.0,1.0,0,0,0,0,0,0,0
3,100,100,1197.6013728270198,1197.6013728270198,0.0,1.0,0,0,0,0,0,0,0
4,100,100,1327.7950907128377,1327.7950907128377,0.0,1.0,0,0,0,0,0,0,0
5,100,100,1386.023513709579,1386.023513709579,0.0,1.0,0,0,0,0,0,0,0
6,100,100,973.1837277449943,973.1837277449943,0.0,1.0,0,0,0,0,0,0,0
7,100,100,931.5962409402921,931.5962409402921,0.0,1.0,0,0,0,0,0,0,0
8,100,100,1314.4932582504564,1314.4932582504564,0.0,1.0,0,0,0,0,0,0,0
9,100,100,1027.445643028128,1027.445643028128,0.0,1.0,0,0,0,0,0,0,0
10,100,100,887.6216569290576,887.6216569290576,0.0,1.0,0,0,0,0,0,0,0
11,100,100,1157.7821109350186,1157.7821109350186,0.0,1.0,0,0,0,0,0,0,0
12,100,100,1271.9586259949258,1271.9586259949258,0.0,1.0,0,0,0,0,0,0,0
13,100,100,1066.876699558626,1066.876699558626,0.0,1.0,0,0,0,0,0,0,0
14,100,100,1067.2189681949965,1067.2189681949965,0.0,1.0,0,0,0,0,0,0,0
15,100,100,884.8195533100886,884.8195533100886,0.0,1.0,0,0,0,0,0,0,0
16,100,100,1019.5103470801057,1019.5103470801057,0.0,1.0,0,0,0,0,0,0,0
17,100,100,940.2879258036215,940.2879258036215,0.0,1.0,0,0,0,0,0,0,0
18,100,100,917.3992409938893,917.3992409938893,0.0,1.0,0,0,0,0,0,0,0
19,100,100,1231.65545274864,1231.65545274864,0.0,1.0,0,0,0,0,0,0,0
20,100,100,1012.2873208046074,1012.2873208046074,0.0,1.0,0,0,0,0,0,0,0
21,100,100,746.3496195102499,746.3496195102499,0.0,1.0,0,0,0,0,0,0,0
22,100,100,1037.8064355580352,1037.8064355580352,0.0,1.0,0,0,0,0,0,0,0
23,100,100,951.0523458209129,951.0523458209129,0.0,1.0,0,0,0,0,0,0,0
24,100,100,1051.1215203798683,1051.1215203798683,0.0,1.0,0,0,0,0,0,0,0
25,100,100,1105.71097376887,1105.71097376887,0.0,1.0,0,0,0,0,0,0,0
26,100,100,1092.0541377658835,1092.0541377658835,0.0,1.0,0,0,0,0,0,0,0
27,100,100,920.4382597015368,920.4382597015368,0.0,1.0,0,0,0,0,0,0,0
28,100,100,1019.8169284578141,1019.8169284578141,0.0,1.0,0,0,0,0,0,0,0
29,100,100,847.4147345690648,847.4147345690648,0.0,1.0,0,0,0,0,0,0,0
30,100,100,790.7181333043629,790.7181333043629,0.0,1.0,0,0,0,0,0,0,0
31,100,100,965.6539444167073,965.6539444167073,0.0,1.0,0,0,0,0,0,0,0
32,100,100,911.2405056725589,911.2405056725589,0.0,1.0,0,0,0,0,0,0,0
33,100,100,1000.7432409470213,1000.7432409470213,0.0,1.0,0,0,0,0,0,0,0
34,100,100,1231.6601570154337,1231.6601570154337,0.0,1.0,0,0,0,0,0,0,0
35,100,100,1162.4058014863886,1162.4058014863886,0.0,1.0,0,0,0,0,0,0,0
36,100,100,868.817997816788,868.817997816788,0.0,1.0,0,0,0,0,0,0,0
37,100,100,988.0604018027065,988.0604018027065,0.0,1.0,0,0,0,0,0,0,0
38,100,100,1208.4729310563382,1208.4729310563382,0.0,1.0,0,0,0,0,0,0,0
39,100,100,1026.0804821785323,1026.0804821785323,0.0,1.0,0,0,0,0,0,0,0
40,100,100,828.1198480298755,828.1198480298755,0.0,1.0,0,0,0,0,0,0,0
41,100,100,1440.5907012117361,1440.5907012117361,0.0,1.0,0,0,0,0,0,0,0
42,100,100,970.282172691757,970.282172691757,0.0,1.0,0,0,0,0,0,0,0
43,100,100,893.0261327456662,893.0261327456662,0.0,1.0,0,0,0,0,0,0,0
44,100,100,734.9989175532477,734.9989175532477,0.0,1.0,0,0,0,0,0,0,0
45,100,100,938.8875685145092,938.8875685145092,0.0,1.0,0,0,0,0,0,0,0
46,100,100,1371.0073824347671,1371.0073824347671,0.0,1.0,0,0,0,0,0,0,0
47,100,100,876.6933048195519,876.6933048195519,0.0,1.0,0,0,0,0,0,0,0
48,100,100,1363.083189412286,1363.083189412286,0.0,1.0,0,0,0,0,0,0,0
49,100,100,977.5312268218019,977.5312268218019,0.0,1.0,0,0,0,0,0,0,0
50,100,100,1134.0467553353296,1134.0467553353296,0.0,1.0,0,0,0,0,0,0,0
51,100,100,1417.795794538446,1417.795794538446,0.0,1.0,0,0,0,0,0,0,0
52,100,100,857.4046509530416,857.4046509530416,0.0,1.0,0,0,0,0,0,0,0
53,100,100,986.6335480896272,986.6335480896272,0.0,1.0,0,0,0,0,0,0,0
54,100,100,1083.0003311247447,1083.0003311247447,0.0,1.0,0,0,0,0,0,0,0
55,100,100,968.4950958572701,968.4950958572701,0.0,1.0,0,0,0,0,0,0,0
56,100,100,1057.2240171955982,1057.2240171955982,0.0,1.0,0,0,0,0,0,0,0
57,100,100,997.7210241306725,997.7210241306725,0.0,1.0,0,0,0,0,0,0,0
58,100,100,965.1151762605748,965.1151762605748,0.0,1.0,0,0,0,0,0,0,0
59,100,100,835.4644706282206,835.4644706282206,0.0,1.0,0,0,0,0,0,0,0
60,100,100,1064.7565563104397,1064.7565563104397,0.0,1.0,0,0,0,0,0,0,0
61,100,100,1031.1202680567155,1031.1202680567155,0.0,1.0,0,0,0,0,0,0,0
62,100,100,1056.0505330908018,1056.0505330908018,0.0,1.0,0,0,0,0,0,0,0
63,100,100,852.3731320303258,852.3731320303258,0.0,1.0,0,0,0,0,0,0,0
64,100,100,806.5556890354843,806.5556890354843,0.0,1.0,0,0,0,0,0,0,0
65,100,100,1142.69873735756,1142.69873735756,0.0,1.0,0,0,0,0,0,0,0
66,100,100,823.2039854981198,823.2039854981198,0.0,1.0,0,0,0,0,0,0,0
67,100,100,983.2429464514522,983.2429464514522,0.0,1.0,0,0,0,0,0,0,0
68,100,100,1094.1852379735333,1094.1852379735333,0.0,1.0,0,0,0,0,0,0,0
69,100,100,739.3752094299139,739.3752094299139,0.0,1.0,0,0,0,0,0,0,0
70,100,100,1104.1465413855412,1104.1465413855412,0.0,1.0,0,0,0,0,0,0,0
71,100,100,976.981705283824,976.981705283824,0.0,1.0,0,0,0,0,0,0,0
72,100,100,1450.7832221991735,1450.7832221991735,0.0,1.0,0,0,0,0,0,0,0
73,100,100,1089.1090728490158,1089.1090728490158,0.0,1.0,0,0,0,0,0,0,0
74,100,100,1141.6522310319176,1141.6522310319176,0.0,1.0,0,0,0,0,0,0,0
75,100,100,791.1084034982046,791.1084034982046,0.0,1.0,0,0,0,0,0,0,0
76,100,100,1053.867050079516,1053.867050079516,0.0,1.0,0,0,0,0,0,0,0
77,100,100,1155.2858057406015,1155.2858057406015,0.0,1.0,0,0,0,0,0,0,0
78,100,100,999.3684239678665,999.3684239678665,0.0,1.0,0,0,0,0,0,0,0
79,100,100,726.1675426212481,726.1675426212481,0.0,1.0,0,0,0,0,0,0,0
80,100,100,1094.0798765019183,1094.0798765019183,0.0,1.0,0,0,0,0,0,0,0
81,100,100,986.2895170297925,986.2895170297925,0.0,1.0,0,0,0,0,0,0,0
82,100,100,947.6896211593156,947.6896211593156,0.0,1.0,0,0,0,0,0,0,0
83,100,100,793.0998732892607,793.0998732892607,0.0,1.0,0,0,0,0,0,0,0
84,100,100,1099.7632663386742,1099.7632663386742,0.0,1.0,0,0,0,0,0,0,0
85,100,100,875.3824946657811,875.3824946657811,0.0,1.0,0,0,0,0,0,0,0
86,100,100,979.5143597860474,979.5143597860474,0.0,1.0,0,0,0,0,0,0,0
87,100,100,1030.2141854258339,1030.2141854258339,0.0,1.0,0,0,0,0,0,0,0
88,100,100,1256.4702537771877,1256.4702537771877,0.0,1.0,0,0,0,0,0,0,0
89,100,100,891.5365703445202,891.5365703445202,0.0,1.0,0,0,0,0,0,0,0
90,100,100,1605.518160125665,1605.518160125665,0.0,1.0,0,0,0,0,0,0,0
91,100,100,819.5904058943722,819.5904058943722,0.0,1.0,0,0,0,0,0,0,0
92,100,100,983.1916482097704,983.1916482097704,0.0,1.0,0,0,0,0,0,0,0
93,100,100,989.3968879322532,989.3968879322532,0.0,1.0,0,0,0,0,0,0,0
94,100,100,834.85605255112,834.85605255112,0.0,1.0,0,0,0,0,0,0,0
95,100,100,898.2324475495063,898.2324475495063,0.0,1.0,0,0,0,0,0,0,0
96,100,100,978.7683855769333,978.7683855769333,0.0,1.0,0,0,0,0,0,0,0
97,100,100,928.212616843538,928.212616843538,0.0,1.0,0,0,0,0,0,0,0
98,100,100,1086.8172342658288,1086.8172342658288,0.0,1.0,0,0,0,0,0,0,0
99,100,100,1064.7925887288366,1064.7925887288366,0.0,1.0,0,0,0,0,0,0,0
