robots,tasks,method,seeds,mean_network_global_agreement_ms,p50_network_global_agreement_ms,p95_network_global_agreement_ms,p99_network_global_agreement_ms,mean_network_actionable_decision_ms,mean_network_cost_exchange_ms,mean_reference_hungarian_compute_ms,mean_message_count,mean_payload_bytes
10,5,democracy_hungarian,100,247.59807839,129.343568,605.325827,706.871228,168.37533593,142.22803618,0.010230010000000001,60.0,2140.0
10,5,full_view_hungarian,100,142.22803618,62.091158,531.535123,531.535123,142.22803618,142.22803618,0.010230010000000001,10.0,560.0
10,5,ideal_full_information,100,0.0,0.0,0.0,0.0,0.0,0.0,0.010230010000000001,0.0,0.0
10,5,leader_hungarian,100,157.16170542,84.955651,551.821476,583.030854,157.16170542,127.86137843,0.010230010000000001,10.0,560.0
25,10,democracy_hungarian,100,391.65531862999995,244.434292,1068.760957,1080.32567,260.79171898,236.31248506,0.02361494,275.0,10360.0
25,10,full_view_hungarian,100,236.31248506,110.208977,531.535123,531.535123,236.31248506,236.31248506,0.02361494,25.0,2400.0
25,10,ideal_full_information,100,0.0,0.0,0.0,0.0,0.0,0.0,0.02361494,0.0,0.0
25,10,leader_hungarian,100,268.58634743,124.746752,568.0014,595.684989,268.58634743,239.28602044,0.02361494,25.0,2400.0
50,30,democracy_hungarian,100,659.8891214800001,618.631414,1083.071343,1084.080612,362.12007244,336.08987753,0.09920664,1550.0,60680.0
50,30,full_view_hungarian,100,336.08987753,518.880988,531.535123,531.535123,336.08987753,336.08987753,0.09920664,50.0,12800.0
50,30,ideal_full_information,100,0.0,0.0,0.0,0.0,0.0,0.0,0.09920664,0.0,0.0
50,30,leader_hungarian,100,370.82655154,534.798072,580.675343,599.989238,370.82655154,341.52622455,0.09920664,50.0,12800.0
100,50,democracy_hungarian,100,796.1645504200001,709.7484320000001,1084.051599,1084.183835,477.74223512,452.6266334,0.31831792,5100.0,201400.0
100,50,full_view_hungarian,100,452.6266334,531.535123,531.535123,531.535123,452.6266334,452.6266334,0.31831792,100.0,41600.0
100,50,ideal_full_information,100,0.0,0.0,0.0,0.0,0.0,0.0,0.31831792,0.0,0.0
100,50,leader_hungarian,100,477.4086267,547.739329,581.238577,600.286568,477.4086267,448.10829971,0.31831792,100.0,41600.0
100,100,democracy_hungarian,100,918.55073338,1070.37862,1084.183835,1087.0865840000001,478.32687583,452.6266334,0.75206752,10100.0,401200.0
100,100,full_view_hungarian,100,452.6266334,531.535123,531.535123,531.535123,452.6266334,452.6266334,0.75206752,100.0,81600.0
100,100,ideal_full_information,100,0.0,0.0,0.0,0.0,0.0,0.0,0.75206752,0.0,0.0
100,100,leader_hungarian,100,477.4086267,547.739329,581.238577,600.286568,477.4086267,448.10829971,0.75206752,100.0,81600.0
